GROUPO,AÃ‘O,MIN,MAX,MED,LAST
-2144399089,2016,"2016-01-10 00:00:00","2016-01-10 00:00:00",0.5000,360
-2143678493,2013,"2013-06-10 00:00:00","2013-08-12 00:00:00",6.4000,1241
-2143447820,2016,"2016-12-03 00:00:00","2016-12-11 00:00:00",3.0000,24
-2139060766,2016,"2016-08-03 00:00:00","2016-12-30 00:00:00",8.8235,5
-2137373722,2008,"2008-12-13 00:00:00","2008-12-28 00:00:00",1.6000,2929
-2137373722,2009,"2009-01-17 00:00:00","2009-05-16 00:00:00",10.9091,2790
-2135867850,2015,"2015-10-20 00:00:00","2015-12-01 00:00:00",3.3077,400
-2135867850,2016,"2016-02-16 00:00:00","2016-05-31 00:00:00",5.8889,218
-2133677656,2016,"2016-04-01 00:00:00","2016-04-05 00:00:00",0.3846,274
-2123500726,2016,"2016-12-08 00:00:00","2016-12-28 00:00:00",5.2500,7
-2110769486,2016,"2016-12-12 00:00:00","2016-12-12 00:00:00",1.0000,23
-2108836369,2016,"2016-03-13 00:00:00","2016-12-11 00:00:00",9.1333,24
-2092424889,2016,"2016-10-31 00:00:00","2016-12-28 00:00:00",4.5385,7
-2090563846,2016,"2016-07-18 00:00:00","2016-12-09 00:00:00",7.2500,26
-2075490840,2016,"2016-09-23 00:00:00","2016-09-23 00:00:00",1.0000,103
-2065923498,2016,"2016-11-20 00:00:00","2016-12-19 00:00:00",3.3333,16
-2061874364,2016,"2016-11-26 00:00:00","2016-11-26 00:00:00",0.5000,39
-2059896510,2015,"2015-12-28 00:00:00","2015-12-30 00:00:00",0.3750,371
-2050959275,2015,"2015-11-02 00:00:00","2015-12-01 00:00:00",5.0000,400
-2050959275,2016,"2016-01-19 00:00:00","2016-02-08 00:00:00",3.5000,331
-2041314718,2015,"2015-11-08 00:00:00","2015-12-28 00:00:00",6.3750,373
-2041314718,2016,"2016-01-03 00:00:00","2016-11-07 00:00:00",18.2353,58
-2033247481,2015,"2015-10-19 00:00:00","2015-12-20 00:00:00",6.3000,381
-2033247481,2016,"2016-05-02 00:00:00","2016-07-03 00:00:00",6.3000,185
-2024134465,2016,"2016-03-11 00:00:00","2016-03-14 00:00:00",0.5000,296
-2007467591,2016,"2016-11-16 00:00:00","2016-12-21 00:00:00",6.0000,14
-1988558201,2015,"2015-09-14 00:00:00","2015-09-16 00:00:00",0.7500,476
-1987332433,2015,"2015-10-15 00:00:00","2015-12-24 00:00:00",7.8889,377
-1987332433,2016,"2016-01-20 00:00:00","2016-12-17 00:00:00",15.8571,18
-1979477207,2013,"2013-09-10 00:00:00","2013-09-24 00:00:00",5.0000,1198
-1976048222,2012,"2012-04-10 00:00:00","2012-12-21 00:00:00",12.8000,1475
-1976048222,2013,"2013-01-11 00:00:00","2013-12-20 00:00:00",22.9333,1111
-1976048222,2014,"2014-10-10 00:00:00","2014-12-19 00:00:00",6.4545,747
-1976048222,2015,"2015-01-09 00:00:00","2015-12-31 00:00:00",27.4615,370
-1962380935,2016,"2016-11-23 00:00:00","2016-12-31 00:00:00",9.7500,4
-1962077238,2012,"2012-04-13 00:00:00","2012-06-15 00:00:00",6.4000,1664
-1961598932,2016,"2016-01-26 00:00:00","2016-02-24 00:00:00",5.0000,315
-1959646535,2015,"2015-08-07 00:00:00","2015-09-30 00:00:00",3.6667,462
-1959646535,2016,"2016-11-24 00:00:00","2016-12-29 00:00:00",3.2727,6
-1957511162,2012,"2012-04-04 00:00:00","2012-06-05 00:00:00",5.2500,1674
-1953481198,2015,"2015-10-04 00:00:00","2015-12-12 00:00:00",7.7778,389
-1953481198,2016,"2016-01-15 00:00:00","2016-05-07 00:00:00",9.5000,242
-1949544313,2016,"2016-02-26 00:00:00","2016-12-21 00:00:00",11.5385,14
-1944477338,2015,"2015-06-14 00:00:00","2015-06-19 00:00:00",0.7500,565
-1944477338,2016,"2016-11-21 00:00:00","2016-12-26 00:00:00",6.0000,9
-1944477338,2017,"2017-01-02 00:00:00","2017-01-02 00:00:00",1.0000,2
-1937554769,2016,"2016-06-10 00:00:00","2016-06-12 00:00:00",1.0000,206
-1921542387,2016,"2016-04-05 00:00:00","2016-12-20 00:00:00",13.0000,15
-1908076143,2015,"2015-10-19 00:00:00","2015-12-23 00:00:00",6.6000,378
-1908076143,2016,"2016-03-16 00:00:00","2016-11-24 00:00:00",11.5455,41
-1902974357,2015,"2015-11-09 00:00:00","2015-11-12 00:00:00",0.4000,419
-1902974357,2016,"2016-09-19 00:00:00","2016-09-27 00:00:00",0.6923,99
-1900644535,2012,"2012-02-21 00:00:00","2012-12-18 00:00:00",15.1000,1478
-1900644535,2013,"2013-01-22 00:00:00","2013-12-10 00:00:00",29.3636,1121
-1900644535,2014,"2014-01-21 00:00:00","2014-12-23 00:00:00",14.6522,743
-1900644535,2015,"2015-01-23 00:00:00","2015-12-01 00:00:00",15.6500,400
-1900644535,2016,"2016-02-08 00:00:00","2016-05-30 00:00:00",7.5333,219
-1895352690,2016,"2016-09-25 00:00:00","2016-12-29 00:00:00",8.7273,6
-1893436122,2015,"2015-07-08 00:00:00","2015-07-14 00:00:00",0.5833,540
-1891659937,2016,"2016-01-17 00:00:00","2016-01-17 00:00:00",0.1000,353
-1876665709,2015,"2015-12-09 00:00:00","2015-12-13 00:00:00",0.5000,388
-1876665709,2016,"2016-09-25 00:00:00","2016-11-09 00:00:00",4.6000,56
-1875336155,2016,"2016-10-12 00:00:00","2016-12-22 00:00:00",7.2000,13
-1873591007,2009,"2009-11-13 00:00:00","2009-12-05 00:00:00",5.7500,2587
-1873591007,2010,"2010-03-25 00:00:00","2010-03-31 00:00:00",3.5000,2471
-1863361485,2016,"2016-12-01 00:00:00","2016-12-07 00:00:00",2.3333,28
-1855302628,2016,"2016-11-13 00:00:00","2016-12-18 00:00:00",6.0000,17
-1853192875,2016,"2016-03-14 00:00:00","2016-05-19 00:00:00",6.7000,230
-1849027521,2016,"2016-02-25 00:00:00","2016-06-28 00:00:00",5.6818,190
-1845716577,2015,"2015-11-05 00:00:00","2015-12-24 00:00:00",6.2500,377
-1845716577,2016,"2016-01-14 00:00:00","2016-12-22 00:00:00",15.6364,13
-1845346986,2016,"2016-04-29 00:00:00","2016-12-09 00:00:00",18.7500,26
-1842529771,2016,"2016-06-06 00:00:00","2016-08-15 00:00:00",7.1000,142
-1840477429,2016,"2016-10-18 00:00:00","2016-11-22 00:00:00",4.5000,43
-1834598217,2013,"2013-09-06 00:00:00","2013-11-01 00:00:00",4.3846,1160
-1834598217,2014,"2014-04-02 00:00:00","2014-06-18 00:00:00",6.0000,931
-1834598217,2015,"2015-04-06 00:00:00","2015-05-18 00:00:00",3.3077,597
-1834598217,2016,"2016-03-30 00:00:00","2016-06-21 00:00:00",6.4615,197
-1823926556,2016,"2016-12-27 00:00:00","2016-12-31 00:00:00",2.5000,4
-1823926556,2017,"2017-01-02 00:00:00","2017-01-02 00:00:00",1.0000,2
-1821211780,2016,"2016-10-12 00:00:00","2016-12-21 00:00:00",7.8889,14
-1818430251,2016,"2016-04-01 00:00:00","2016-10-07 00:00:00",17.2727,89
-1815589353,2014,"2014-12-11 00:00:00","2014-12-14 00:00:00",0.5000,752
-1815589353,2015,"2015-05-10 00:00:00","2015-07-15 00:00:00",6.7000,539
-1815589353,2016,"2016-05-10 00:00:00","2016-06-29 00:00:00",5.6667,189
-1799108446,2016,"2016-07-22 00:00:00","2016-12-09 00:00:00",5.6400,26
-1795644308,2016,"2016-11-18 00:00:00","2016-12-20 00:00:00",4.7143,15
-1780854229,2015,"2015-03-19 00:00:00","2015-03-29 00:00:00",0.5500,647
-1774986294,2016,"2016-04-02 00:00:00","2016-04-02 00:00:00",0.0625,277
-1752407417,2016,"2016-04-07 00:00:00","2016-05-19 00:00:00",5.3750,230
-1734757769,2016,"2016-09-24 00:00:00","2016-12-09 00:00:00",7.7000,26
-1728049459,2013,"2013-10-03 00:00:00","2013-12-12 00:00:00",7.1000,1119
-1728049459,2014,"2014-05-22 00:00:00","2014-07-24 00:00:00",6.4000,895
-1728049459,2015,"2015-06-04 00:00:00","2015-07-30 00:00:00",5.7000,524
-1728049459,2016,"2016-04-10 00:00:00","2016-05-29 00:00:00",6.2500,220
-1727875419,2016,"2016-04-08 00:00:00","2016-04-29 00:00:00",5.5000,250
-1714985877,2015,"2015-01-23 00:00:00","2015-01-26 00:00:00",0.4444,709
-1714291031,2016,"2016-08-14 00:00:00","2016-12-11 00:00:00",6.0000,24
-1712162751,2016,"2016-07-06 00:00:00","2016-07-06 00:00:00",1.0000,182
-1705823161,2016,"2016-11-19 00:00:00","2016-12-25 00:00:00",9.2500,10
-1698023622,2016,"2016-08-20 00:00:00","2016-08-20 00:00:00",1.0000,137
-1695640084,2015,"2015-05-14 00:00:00","2015-10-23 00:00:00",10.1875,439
-1692535925,2012,"2012-10-17 00:00:00","2012-11-14 00:00:00",5.8000,1512
-1692535925,2014,"2014-02-07 00:00:00","2014-05-02 00:00:00",6.5385,978
-1692535925,2015,"2015-01-07 00:00:00","2015-01-21 00:00:00",2.5000,714
-1687925103,2016,"2016-12-03 00:00:00","2016-12-31 00:00:00",5.8000,4
-1684815598,2007,"2007-04-10 00:00:00","2007-12-08 00:00:00",15.1875,3315
-1684815598,2008,"2008-01-08 00:00:00","2008-12-13 00:00:00",20.0588,2944
-1684815598,2009,"2009-01-09 00:00:00","2009-05-19 00:00:00",9.3571,2787
-1684729402,2015,"2015-11-08 00:00:00","2015-12-28 00:00:00",6.3750,373
-1684729402,2016,"2016-02-21 00:00:00","2016-03-19 00:00:00",5.6000,291
-1676497970,2013,"2013-10-06 00:00:00","2013-12-22 00:00:00",19.5000,1109
-1672678800,2015,"2015-09-02 00:00:00","2015-09-05 00:00:00",0.6667,487
-1672678800,2016,"2016-07-01 00:00:00","2016-07-04 00:00:00",0.6667,184
-1662014669,2016,"2016-02-16 00:00:00","2016-05-27 00:00:00",7.8462,222
-1659381617,2016,"2016-07-14 00:00:00","2016-12-17 00:00:00",9.8125,18
-1654529054,2012,"2012-02-23 00:00:00","2012-12-19 00:00:00",13.0870,1477
-1654529054,2013,"2013-01-08 00:00:00","2013-05-29 00:00:00",10.1429,1316
-1654529054,2014,"2014-01-15 00:00:00","2014-06-11 00:00:00",6.7273,938
-1654529054,2015,"2015-01-22 00:00:00","2015-06-25 00:00:00",6.7391,559
-1654529054,2016,"2016-06-01 00:00:00","2016-06-04 00:00:00",1.0000,214
-1639105126,2015,"2015-06-23 00:00:00","2015-12-12 00:00:00",11.5333,389
-1639105126,2016,"2016-01-08 00:00:00","2016-12-18 00:00:00",10.1765,17
-1637233548,2016,"2016-12-02 00:00:00","2016-12-09 00:00:00",2.6667,26
-1618045617,2015,"2015-03-25 00:00:00","2015-08-25 00:00:00",6.6957,498
-1618045617,2016,"2016-03-02 00:00:00","2016-08-09 00:00:00",6.7083,148
-1611812415,2016,"2016-12-14 00:00:00","2016-12-27 00:00:00",2.8000,8
-1611812415,2017,"2017-01-02 00:00:00","2017-01-02 00:00:00",1.0000,2
-1608741591,2014,"2014-10-28 00:00:00","2014-12-30 00:00:00",6.4000,736
-1608741591,2015,"2015-01-06 00:00:00","2015-05-18 00:00:00",11.0833,597
-1593032777,2016,"2016-06-03 00:00:00","2016-06-17 00:00:00",1.5000,201
-1592447540,2015,"2015-09-08 00:00:00","2015-11-25 00:00:00",6.5833,406
-1592447540,2016,"2016-01-12 00:00:00","2016-02-08 00:00:00",7.0000,331
-1588979863,2014,"2014-10-13 00:00:00","2014-10-21 00:00:00",0.9000,806
-1588979863,2015,"2015-10-19 00:00:00","2015-12-21 00:00:00",6.4000,380
-1586898625,2012,"2012-03-23 00:00:00","2012-06-22 00:00:00",7.6667,1657
-1586898625,2013,"2013-04-09 00:00:00","2013-07-09 00:00:00",7.0769,1275
-1565695404,2015,"2015-07-05 00:00:00","2015-09-11 00:00:00",3.4500,481
-1565695404,2016,"2016-07-05 00:00:00","2016-09-06 00:00:00",6.4000,120
-1565067062,2015,"2015-12-03 00:00:00","2015-12-25 00:00:00",2.8750,376
-1565067062,2016,"2016-01-10 00:00:00","2016-12-20 00:00:00",43.2500,15
-1562456675,2015,"2015-11-25 00:00:00","2015-12-30 00:00:00",6.0000,371
-1562456675,2016,"2016-01-06 00:00:00","2016-12-21 00:00:00",8.3571,14
-1558553565,2016,"2016-12-14 00:00:00","2016-12-29 00:00:00",5.3333,6
-1555574964,2016,"2016-09-12 00:00:00","2016-11-14 00:00:00",6.4000,51
-1547377658,2016,"2016-12-17 00:00:00","2016-12-30 00:00:00",4.6667,5
-1544894414,2016,"2016-03-12 00:00:00","2016-03-19 00:00:00",1.1429,291
-1533071176,2016,"2016-11-04 00:00:00","2016-12-23 00:00:00",6.2500,12
-1527644883,2016,"2016-05-14 00:00:00","2016-10-13 00:00:00",6.6522,83
-1514902726,2016,"2016-12-04 00:00:00","2016-12-08 00:00:00",1.0000,27
-1514727762,2016,"2016-02-05 00:00:00","2016-03-11 00:00:00",6.0000,299
-1513078568,2016,"2016-11-21 00:00:00","2016-12-19 00:00:00",4.8333,16
-1509118004,2015,"2015-09-18 00:00:00","2015-12-11 00:00:00",6.5385,390
-1508729207,2016,"2016-10-06 00:00:00","2016-12-22 00:00:00",8.6667,13
-1505527634,2016,"2016-10-05 00:00:00","2016-12-14 00:00:00",7.1000,21
-1499244369,2015,"2015-09-05 00:00:00","2015-09-05 00:00:00",0.3333,487
-1477512890,2015,"2015-01-03 00:00:00","2015-12-30 00:00:00",16.4545,371
-1477512890,2016,"2016-12-01 00:00:00","2016-12-29 00:00:00",5.8000,6
-1475058020,2012,"2012-12-04 00:00:00","2012-12-18 00:00:00",5.0000,1478
-1475058020,2013,"2013-01-08 00:00:00","2013-03-12 00:00:00",6.4000,1394
-1474337428,2015,"2015-06-30 00:00:00","2015-12-02 00:00:00",13.0000,399
-1470979539,2015,"2015-11-16 00:00:00","2015-12-21 00:00:00",5.1429,380
-1470979539,2016,"2016-02-15 00:00:00","2016-04-11 00:00:00",6.3333,268
-1470904465,2016,"2016-12-18 00:00:00","2016-12-25 00:00:00",4.0000,10
-1470904465,2017,"2017-01-01 00:00:00","2017-01-01 00:00:00",1.0000,3
-1458539529,2012,"2012-06-12 00:00:00","2012-11-13 00:00:00",22.1429,1513
-1458539529,2013,"2013-10-03 00:00:00","2013-11-04 00:00:00",1.4348,1157
-1458539529,2015,"2015-09-28 00:00:00","2015-10-28 00:00:00",1.3478,434
-1458539529,2016,"2016-06-15 00:00:00","2016-08-31 00:00:00",3.3913,126
-1443057667,2015,"2015-11-26 00:00:00","2015-12-17 00:00:00",2.7500,384
-1443057667,2016,"2016-01-07 00:00:00","2016-12-05 00:00:00",5.3016,30
-1440922648,2012,"2012-02-22 00:00:00","2012-04-05 00:00:00",6.2857,1735
-1408659615,2007,"2007-05-26 00:00:00","2007-05-26 00:00:00",1.0000,3511
-1408389372,2015,"2015-10-15 00:00:00","2015-11-01 00:00:00",2.0000,430
-1403331430,2016,"2016-11-01 00:00:00","2016-11-02 00:00:00",0.3333,63
-1395627293,2007,"2007-07-29 00:00:00","2007-07-29 00:00:00",1.0000,3447
-1395627293,2008,"2008-01-15 00:00:00","2008-09-24 00:00:00",18.1429,3024
-1395627293,2009,"2009-09-27 00:00:00","2009-09-27 00:00:00",1.0000,2656
-1394403489,2015,"2015-11-21 00:00:00","2015-11-28 00:00:00",1.0000,403
-1391514085,2015,"2015-10-22 00:00:00","2015-11-05 00:00:00",2.5000,426
-1382595804,2016,"2016-02-03 00:00:00","2016-12-17 00:00:00",11.3929,18
-1379857773,2016,"2016-07-29 00:00:00","2016-07-29 00:00:00",1.0000,159
-1354717141,2016,"2016-02-21 00:00:00","2016-12-29 00:00:00",20.8667,6
-1351862979,2016,"2016-04-13 00:00:00","2016-07-13 00:00:00",7.0769,175
-1349541170,2014,"2014-12-04 00:00:00","2014-12-31 00:00:00",4.6667,735
-1349541170,2015,"2015-01-06 00:00:00","2015-12-18 00:00:00",26.6923,383
-1349541170,2016,"2016-01-08 00:00:00","2016-12-28 00:00:00",44.5000,7
-1344218608,2015,"2015-07-07 00:00:00","2015-09-28 00:00:00",6.4615,464
-1344218608,2016,"2016-07-21 00:00:00","2016-10-13 00:00:00",6.5385,83
-1338376234,2016,"2016-02-19 00:00:00","2016-02-23 00:00:00",0.5000,316
-1333043458,2016,"2016-09-23 00:00:00","2016-12-09 00:00:00",8.6667,26
-1329364197,2007,"2007-04-04 00:00:00","2007-10-27 00:00:00",20.7000,3357
-1329364197,2009,"2009-02-13 00:00:00","2009-05-20 00:00:00",4.0417,2786
-1329364197,2010,"2010-01-27 00:00:00","2010-04-07 00:00:00",7.8889,2464
-1326971208,2015,"2015-10-04 00:00:00","2015-11-25 00:00:00",7.5714,406
-1326971208,2016,"2016-02-13 00:00:00","2016-05-19 00:00:00",6.9286,230
-1316994863,2014,"2014-03-12 00:00:00","2014-06-03 00:00:00",6.4615,946
-1315986210,2016,"2016-07-30 00:00:00","2016-10-18 00:00:00",4.0500,78
-1311167170,2016,"2016-01-31 00:00:00","2016-03-06 00:00:00",6.0000,304
-1299824885,2016,"2016-02-13 00:00:00","2016-11-27 00:00:00",9.6333,38
-1298600139,2016,"2016-11-26 00:00:00","2016-12-31 00:00:00",6.0000,4
-1293415888,2015,"2015-11-28 00:00:00","2015-12-25 00:00:00",3.5000,376
-1293415888,2016,"2016-01-02 00:00:00","2016-01-02 00:00:00",0.5000,368
-1288205329,2015,"2015-12-06 00:00:00","2015-12-08 00:00:00",1.0000,393
-1287486119,2016,"2016-06-01 00:00:00","2016-08-19 00:00:00",6.6667,138
-1277000859,2012,"2012-02-22 00:00:00","2012-12-17 00:00:00",16.6667,1479
-1277000859,2013,"2013-01-14 00:00:00","2013-12-19 00:00:00",16.1905,1112
-1277000859,2014,"2014-01-16 00:00:00","2014-06-06 00:00:00",11.8333,943
-1277000859,2015,"2015-01-05 00:00:00","2015-03-16 00:00:00",5.4615,660
-1259196806,2016,"2016-03-12 00:00:00","2016-04-09 00:00:00",2.9000,270
-1256915993,2012,"2012-02-28 00:00:00","2012-06-19 00:00:00",7.0625,1660
-1256915993,2013,"2013-01-16 00:00:00","2013-06-12 00:00:00",6.7273,1302
-1256915993,2014,"2014-01-15 00:00:00","2014-06-11 00:00:00",6.7273,938
-1256915993,2015,"2015-01-14 00:00:00","2015-12-23 00:00:00",12.2857,378
-1256915993,2016,"2016-02-17 00:00:00","2016-06-15 00:00:00",7.5000,203
-1253634656,2016,"2016-07-06 00:00:00","2016-07-28 00:00:00",2.8750,160
-1244439598,2014,"2014-07-08 00:00:00","2014-08-12 00:00:00",3.0000,876
-1244439598,2015,"2015-06-27 00:00:00","2015-08-28 00:00:00",5.2500,495
-1227840061,2016,"2016-06-22 00:00:00","2016-09-23 00:00:00",7.2308,103
-1224266927,2016,"2016-09-25 00:00:00","2016-12-18 00:00:00",8.5000,17
-1218369028,2016,"2016-11-16 00:00:00","2016-12-28 00:00:00",5.3750,7
-1216715253,2016,"2016-08-07 00:00:00","2016-10-09 00:00:00",6.4000,87
-1210107042,2016,"2016-12-04 00:00:00","2016-12-25 00:00:00",5.5000,10
-1210107042,2017,"2017-01-01 00:00:00","2017-01-01 00:00:00",1.0000,3
-1197639944,2016,"2016-10-09 00:00:00","2016-11-18 00:00:00",5.1250,47
-1183102647,2016,"2016-10-05 00:00:00","2016-10-07 00:00:00",1.0000,89
-1176837580,2016,"2016-05-15 00:00:00","2016-05-19 00:00:00",1.0000,230
-1175888562,2016,"2016-10-01 00:00:00","2016-10-03 00:00:00",1.0000,93
-1166701944,2016,"2016-12-14 00:00:00","2016-12-27 00:00:00",1.5556,8
-1158417615,2016,"2016-01-01 00:00:00","2016-11-02 00:00:00",10.2333,63
-1145758928,2016,"2016-05-11 00:00:00","2016-05-14 00:00:00",1.0000,235
-1133935121,2016,"2016-12-18 00:00:00","2016-12-21 00:00:00",2.0000,14
-1133899894,2016,"2016-04-07 00:00:00","2016-04-10 00:00:00",1.0000,269
-1127492894,2016,"2016-11-20 00:00:00","2016-11-20 00:00:00",1.0000,45
-1115506296,2012,"2012-11-29 00:00:00","2012-12-20 00:00:00",3.6667,1476
-1115506296,2013,"2013-01-17 00:00:00","2013-12-19 00:00:00",12.9615,1112
-1115506296,2014,"2014-01-23 00:00:00","2014-12-18 00:00:00",14.3478,748
-1115506296,2015,"2015-01-29 00:00:00","2015-12-17 00:00:00",14.0435,384
-1115506296,2016,"2016-01-27 00:00:00","2016-12-15 00:00:00",14.0870,20
-1097688109,2012,"2012-02-21 00:00:00","2012-04-17 00:00:00",6.3333,1723
-1094580753,2015,"2015-11-14 00:00:00","2015-11-20 00:00:00",1.0000,411
-1094109629,2015,"2015-02-19 00:00:00","2015-12-24 00:00:00",13.4348,377
-1088874467,2016,"2016-12-20 00:00:00","2016-12-24 00:00:00",2.5000,11
-1080283232,2016,"2016-11-01 00:00:00","2016-11-02 00:00:00",0.3333,63
-1062856099,2015,"2015-09-07 00:00:00","2015-10-05 00:00:00",2.9000,457
-1062159675,2015,"2015-10-05 00:00:00","2015-11-09 00:00:00",6.0000,422
-1058261500,2016,"2016-10-22 00:00:00","2016-12-25 00:00:00",7.2222,10
-1054625201,2016,"2016-09-26 00:00:00","2016-10-14 00:00:00",1.9000,82
-1050220134,2016,"2016-10-20 00:00:00","2016-11-03 00:00:00",5.0000,62
-1049740294,2016,"2016-11-28 00:00:00","2016-12-18 00:00:00",1.6154,17
-1023710405,2016,"2016-03-08 00:00:00","2016-03-11 00:00:00",1.0000,299
-1022475437,2016,"2016-12-08 00:00:00","2016-12-12 00:00:00",2.5000,23
-1008692982,2014,"2014-12-07 00:00:00","2014-12-28 00:00:00",2.7500,738
-1008692982,2015,"2015-01-04 00:00:00","2015-03-15 00:00:00",3.2273,661
-1002933835,2016,"2016-11-12 00:00:00","2016-11-12 00:00:00",1.0000,53
-998567018,2015,"2015-09-23 00:00:00","2015-12-24 00:00:00",4.0435,377
-998567018,2016,"2016-11-09 00:00:00","2016-12-21 00:00:00",3.3077,14
-996514088,2014,"2014-07-08 00:00:00","2014-07-08 00:00:00",1.0000,911
-993822550,2016,"2016-12-11 00:00:00","2016-12-12 00:00:00",1.0000,23
-975858496,2013,"2013-12-03 00:00:00","2013-12-25 00:00:00",5.7500,1106
-975858496,2014,"2014-01-01 00:00:00","2014-09-07 00:00:00",11.3636,850
-975858496,2015,"2015-07-12 00:00:00","2015-10-12 00:00:00",6.6429,450
-975858496,2016,"2016-06-17 00:00:00","2016-06-19 00:00:00",0.2308,199
-975435787,2014,"2014-10-04 00:00:00","2014-12-20 00:00:00",7.0909,746
-975435787,2015,"2015-01-17 00:00:00","2015-12-18 00:00:00",12.9231,383
-975435787,2016,"2016-01-08 00:00:00","2016-12-22 00:00:00",14.0000,13
-953407696,2016,"2016-04-05 00:00:00","2016-09-13 00:00:00",5.0625,113
-951575643,2015,"2015-01-10 00:00:00","2015-04-11 00:00:00",3.5385,634
-942341938,2016,"2016-03-13 00:00:00","2016-05-01 00:00:00",6.2500,248
-930727638,2015,"2015-01-17 00:00:00","2015-04-12 00:00:00",3.3077,633
-930727638,2016,"2016-04-06 00:00:00","2016-07-21 00:00:00",8.2308,167
-927768341,2016,"2016-08-06 00:00:00","2016-09-10 00:00:00",3.0000,116
-925893551,2016,"2016-05-20 00:00:00","2016-05-26 00:00:00",1.0000,223
-914621132,2007,"2007-04-21 00:00:00","2007-12-15 00:00:00",39.8333,3308
-914621132,2008,"2008-02-02 00:00:00","2008-05-12 00:00:00",10.1000,3159
-914621132,2009,"2009-01-30 00:00:00","2009-05-04 00:00:00",13.5714,2802
-914282639,2016,"2016-05-27 00:00:00","2016-05-31 00:00:00",1.0000,218
-890322984,2015,"2015-11-12 00:00:00","2015-12-17 00:00:00",6.0000,384
-890322984,2016,"2016-01-14 00:00:00","2016-01-29 00:00:00",4.0000,341
-880030014,2016,"2016-10-31 00:00:00","2016-10-31 00:00:00",1.0000,65
-872307157,2011,"2011-12-30 00:00:00","2011-12-30 00:00:00",0.5000,1832
-872307157,2012,"2012-02-24 00:00:00","2012-02-24 00:00:00",1.0000,1776
-872307157,2014,"2014-02-14 00:00:00","2014-05-30 00:00:00",4.8182,950
-872307157,2015,"2015-07-06 00:00:00","2015-08-04 00:00:00",1.3636,519
-872307157,2016,"2016-09-19 00:00:00","2016-09-24 00:00:00",0.2727,102
-853860711,2015,"2015-09-01 00:00:00","2015-09-02 00:00:00",0.1538,490
-853860711,2016,"2016-03-19 00:00:00","2016-03-20 00:00:00",0.1538,290
-842911708,2016,"2016-05-27 00:00:00","2016-07-30 00:00:00",6.5000,158
-841292626,2013,"2013-01-06 00:00:00","2013-01-06 00:00:00",1.0000,1459
-823266542,2012,"2012-12-10 00:00:00","2012-12-28 00:00:00",9.5000,1468
-823266542,2013,"2013-01-12 00:00:00","2013-09-14 00:00:00",30.7500,1208
-817660813,2016,"2016-01-23 00:00:00","2016-12-18 00:00:00",13.7917,17
-815468009,2016,"2016-02-25 00:00:00","2016-04-07 00:00:00",7.1667,272
-801652488,2016,"2016-03-19 00:00:00","2016-05-16 00:00:00",5.3636,233
-791533613,2015,"2015-11-08 00:00:00","2015-12-20 00:00:00",7.1667,381
-791533613,2016,"2016-01-10 00:00:00","2016-05-12 00:00:00",7.2941,237
-783784722,2015,"2015-08-30 00:00:00","2015-09-01 00:00:00",0.3000,491
-783784722,2016,"2016-09-02 00:00:00","2016-09-03 00:00:00",0.2000,123
-777786857,2016,"2016-10-25 00:00:00","2016-12-20 00:00:00",6.3333,15
-770946033,2016,"2016-09-30 00:00:00","2016-12-16 00:00:00",8.6667,19
-760516195,2016,"2016-07-01 00:00:00","2016-07-08 00:00:00",1.0000,180
-752957658,2015,"2015-07-06 00:00:00","2015-12-20 00:00:00",15.2727,381
-752957658,2016,"2016-01-10 00:00:00","2016-05-12 00:00:00",10.3333,237
-749439510,2015,"2015-04-10 00:00:00","2015-12-18 00:00:00",8.1613,383
-749439510,2016,"2016-03-11 00:00:00","2016-06-09 00:00:00",7.5833,209
-741054285,2016,"2016-01-14 00:00:00","2016-03-03 00:00:00",6.2500,307
-736668783,2015,"2015-12-07 00:00:00","2015-12-24 00:00:00",0.9474,377
-726783521,2015,"2015-11-19 00:00:00","2015-12-24 00:00:00",6.0000,377
-711898796,2013,"2013-06-19 00:00:00","2013-08-14 00:00:00",6.3333,1239
-711898796,2014,"2014-06-25 00:00:00","2014-09-03 00:00:00",5.9167,854
-711898796,2015,"2015-07-01 00:00:00","2015-09-02 00:00:00",6.4000,490
-711898796,2016,"2016-02-29 00:00:00","2016-03-04 00:00:00",1.0000,306
-705824045,2016,"2016-09-16 00:00:00","2016-11-19 00:00:00",7.2222,46
-705238849,2016,"2016-01-17 00:00:00","2016-06-14 00:00:00",6.8182,204
-692979506,2015,"2015-12-06 00:00:00","2015-12-20 00:00:00",2.5000,381
-683657320,2016,"2016-04-07 00:00:00","2016-12-23 00:00:00",8.7000,12
-683259916,2016,"2016-10-16 00:00:00","2016-11-06 00:00:00",2.7500,59
-649332014,2016,"2016-06-20 00:00:00","2016-10-31 00:00:00",6.7000,65
-647618012,2016,"2016-03-03 00:00:00","2016-04-28 00:00:00",5.7000,251
-645962236,2014,"2014-12-24 00:00:00","2014-12-24 00:00:00",0.2000,742
-640150683,2015,"2015-01-29 00:00:00","2015-12-14 00:00:00",14.5455,387
-640150683,2016,"2016-04-11 00:00:00","2016-12-26 00:00:00",16.2500,9
-640150683,2017,"2017-01-03 00:00:00","2017-01-03 00:00:00",1.0000,1
-636786780,2016,"2016-05-19 00:00:00","2016-07-20 00:00:00",6.3000,168
-629778823,2016,"2016-11-29 00:00:00","2016-12-02 00:00:00",0.8000,33
-618408561,2016,"2016-05-06 00:00:00","2016-07-09 00:00:00",7.2222,179
-616909547,2013,"2013-05-07 00:00:00","2013-06-24 00:00:00",6.1250,1290
-606660506,2015,"2015-10-09 00:00:00","2015-10-29 00:00:00",2.6250,433
-602715119,2016,"2016-12-22 00:00:00","2016-12-29 00:00:00",4.0000,6
-601434792,2016,"2016-12-14 00:00:00","2016-12-20 00:00:00",1.0000,15
-601126565,2013,"2013-06-13 00:00:00","2013-08-01 00:00:00",5.5556,1252
-601126565,2014,"2014-04-02 00:00:00","2014-06-11 00:00:00",7.1000,938
-601126565,2015,"2015-04-23 00:00:00","2015-06-25 00:00:00",6.4000,559
-601126565,2016,"2016-02-24 00:00:00","2016-05-05 00:00:00",7.2000,244
-599182124,2016,"2016-12-24 00:00:00","2016-12-26 00:00:00",1.5000,9
-595865264,2016,"2016-04-11 00:00:00","2016-04-18 00:00:00",1.0000,261
-581960962,2016,"2016-09-24 00:00:00","2016-12-18 00:00:00",8.6000,17
-576416713,2016,"2016-11-29 00:00:00","2016-12-05 00:00:00",3.5000,30
-575241551,2016,"2016-01-09 00:00:00","2016-01-12 00:00:00",1.0000,358
-566416968,2016,"2016-03-20 00:00:00","2016-03-26 00:00:00",1.4000,284
-555377016,2016,"2016-12-03 00:00:00","2016-12-03 00:00:00",1.0000,32
-550858902,2014,"2014-06-10 00:00:00","2014-08-05 00:00:00",4.3846,883
-525675833,2016,"2016-08-12 00:00:00","2016-08-12 00:00:00",1.0000,145
-513751064,2015,"2015-07-24 00:00:00","2015-09-11 00:00:00",3.8462,481
-510413804,2016,"2016-02-02 00:00:00","2016-02-03 00:00:00",1.0000,336
-498025045,2016,"2016-12-09 00:00:00","2016-12-13 00:00:00",1.6667,22
-462205022,2010,"2010-03-26 00:00:00","2010-04-20 00:00:00",5.2000,2451
-450516960,2015,"2015-12-26 00:00:00","2015-12-29 00:00:00",2.0000,372
-450516960,2016,"2016-01-08 00:00:00","2016-02-01 00:00:00",8.3333,338
-446746491,2016,"2016-01-05 00:00:00","2016-04-23 00:00:00",6.8750,256
-445320182,2014,"2014-09-28 00:00:00","2014-11-30 00:00:00",6.4000,766
-445320182,2015,"2015-10-25 00:00:00","2015-12-27 00:00:00",6.4000,374
-443762125,2016,"2016-09-21 00:00:00","2016-11-16 00:00:00",5.7000,49
-434314662,2016,"2016-03-06 00:00:00","2016-12-25 00:00:00",12.8261,10
-434314662,2017,"2017-01-01 00:00:00","2017-01-01 00:00:00",1.0000,3
-429441326,2015,"2015-05-06 00:00:00","2015-12-10 00:00:00",18.2500,391
-429441326,2016,"2016-01-23 00:00:00","2016-12-09 00:00:00",14.0000,26
-424175430,2014,"2014-02-11 00:00:00","2014-05-02 00:00:00",6.2308,978
-414899953,2010,"2010-03-15 00:00:00","2010-04-19 00:00:00",6.0000,2452
-412545536,2007,"2007-04-25 00:00:00","2007-12-04 00:00:00",14.0000,3319
-412545536,2008,"2008-09-23 00:00:00","2008-12-16 00:00:00",6.5385,2941
-412545536,2009,"2009-02-03 00:00:00","2009-12-01 00:00:00",9.7419,2591
-408014058,2015,"2015-04-09 00:00:00","2015-12-10 00:00:00",16.4000,391
-408014058,2016,"2016-03-13 00:00:00","2016-12-09 00:00:00",13.6000,26
-407664968,2007,"2007-08-19 00:00:00","2007-10-02 00:00:00",7.5000,3382
-403308878,2016,"2016-08-26 00:00:00","2016-10-15 00:00:00",5.1000,81
-400758662,2016,"2016-05-15 00:00:00","2016-06-18 00:00:00",5.8333,200
-397409348,2016,"2016-10-04 00:00:00","2016-12-22 00:00:00",6.1538,13
-395496816,2016,"2016-11-04 00:00:00","2016-12-22 00:00:00",6.1250,13
-381843866,2015,"2015-10-29 00:00:00","2015-12-11 00:00:00",6.2857,390
-381843866,2016,"2016-01-01 00:00:00","2016-12-18 00:00:00",16.0455,17
-375660406,2016,"2016-09-22 00:00:00","2016-09-22 00:00:00",1.0000,104
-371130889,2016,"2016-05-15 00:00:00","2016-10-15 00:00:00",11.0000,81
-341897308,2016,"2016-04-18 00:00:00","2016-06-13 00:00:00",5.7000,205
-330382874,2015,"2015-06-05 00:00:00","2015-11-06 00:00:00",6.7391,425
-330382874,2016,"2016-12-05 00:00:00","2016-12-26 00:00:00",5.5000,9
-330382874,2017,"2017-01-02 00:00:00","2017-01-02 00:00:00",1.0000,2
-323690250,2016,"2016-02-27 00:00:00","2016-07-06 00:00:00",14.5556,182
-321860616,2013,"2013-05-10 00:00:00","2013-06-28 00:00:00",6.2500,1286
-321860616,2014,"2014-03-28 00:00:00","2014-06-03 00:00:00",6.8000,946
-321860616,2015,"2015-10-25 00:00:00","2015-12-28 00:00:00",6.5000,373
-308693205,2015,"2015-12-07 00:00:00","2015-12-28 00:00:00",4.4000,373
-308693205,2016,"2016-01-04 00:00:00","2016-01-27 00:00:00",6.0000,343
-297893256,2016,"2016-04-24 00:00:00","2016-04-28 00:00:00",1.0000,251
-283782466,2007,"2007-04-16 00:00:00","2007-05-23 00:00:00",1.8095,3514
-283782466,2008,"2008-08-02 00:00:00","2008-11-22 00:00:00",10.2727,2965
-276573781,2015,"2015-11-13 00:00:00","2015-12-18 00:00:00",6.0000,383
-276492452,2008,"2008-06-08 00:00:00","2008-06-21 00:00:00",2.0000,3119
-276492452,2009,"2009-03-27 00:00:00","2009-04-30 00:00:00",2.6923,2806
-272680938,2016,"2016-03-16 00:00:00","2016-06-13 00:00:00",6.9231,205
-256282145,2014,"2014-09-23 00:00:00","2014-12-12 00:00:00",7.3636,754
-256282145,2015,"2015-01-09 00:00:00","2015-12-20 00:00:00",15.0435,381
-256282145,2016,"2016-01-18 00:00:00","2016-12-18 00:00:00",14.0000,17
-255142572,2015,"2015-06-23 00:00:00","2015-07-28 00:00:00",2.7692,526
-250329127,2016,"2016-11-10 00:00:00","2016-12-29 00:00:00",6.2500,6
-247826538,2007,"2007-09-22 00:00:00","2007-11-22 00:00:00",7.7500,3331
-247826538,2008,"2008-01-23 00:00:00","2008-09-30 00:00:00",63.0000,3018
-240849257,2015,"2015-09-09 00:00:00","2015-11-18 00:00:00",3.7368,413
-240849257,2016,"2016-10-25 00:00:00","2016-10-27 00:00:00",1.5000,69
-234893275,2013,"2013-07-12 00:00:00","2013-10-04 00:00:00",6.5385,1188
-234893275,2014,"2014-07-11 00:00:00","2014-10-03 00:00:00",6.5385,824
-231258145,2016,"2016-05-08 00:00:00","2016-07-13 00:00:00",6.7000,175
-227615790,2015,"2015-01-10 00:00:00","2015-03-28 00:00:00",6.0000,648
-215021134,2012,"2012-01-25 00:00:00","2012-04-09 00:00:00",6.3333,1731
-208363871,2016,"2016-05-22 00:00:00","2016-05-22 00:00:00",1.0000,227
-205276296,2015,"2015-10-01 00:00:00","2015-10-04 00:00:00",0.4000,458
-205276296,2016,"2016-05-31 00:00:00","2016-10-19 00:00:00",10.9231,77
-197947042,2015,"2015-10-09 00:00:00","2015-12-20 00:00:00",7.3000,381
-197947042,2016,"2016-01-14 00:00:00","2016-05-13 00:00:00",10.0833,236
-196705787,2016,"2016-02-11 00:00:00","2016-04-06 00:00:00",7.0000,273
-193938181,2014,"2014-07-11 00:00:00","2014-07-11 00:00:00",1.0000,908
-184684142,2015,"2015-11-20 00:00:00","2015-11-23 00:00:00",0.3077,408
-184387846,2014,"2014-09-12 00:00:00","2014-12-06 00:00:00",6.6154,760
-184387846,2015,"2015-04-30 00:00:00","2015-12-12 00:00:00",10.8095,389
-184387846,2016,"2016-06-21 00:00:00","2016-10-28 00:00:00",10.0000,68
-180033846,2015,"2015-07-23 00:00:00","2015-12-10 00:00:00",10.8462,391
-180033846,2016,"2016-07-13 00:00:00","2016-10-06 00:00:00",6.6154,90
-173006618,2016,"2016-02-22 00:00:00","2016-02-28 00:00:00",1.0000,311
-150619356,2012,"2012-02-24 00:00:00","2012-06-22 00:00:00",9.2308,1657
-130199620,2016,"2016-04-20 00:00:00","2016-04-23 00:00:00",1.0000,256
-125407280,2012,"2012-10-16 00:00:00","2012-11-27 00:00:00",6.1429,1499
-125407280,2014,"2014-02-26 00:00:00","2014-05-28 00:00:00",6.5714,952
-125407280,2015,"2015-02-19 00:00:00","2015-05-28 00:00:00",6.6000,587
-106483272,2015,"2015-10-16 00:00:00","2015-12-18 00:00:00",7.1111,383
-106483272,2016,"2016-01-09 00:00:00","2016-06-19 00:00:00",13.5833,199
-101820715,2015,"2015-09-23 00:00:00","2015-12-23 00:00:00",7.0769,378
-101820715,2016,"2016-09-13 00:00:00","2016-12-20 00:00:00",7.0714,15
-82119005,2016,"2016-08-12 00:00:00","2016-09-15 00:00:00",2.6923,111
-76047562,2015,"2015-10-17 00:00:00","2015-12-25 00:00:00",7.0000,376
-76047562,2016,"2016-01-22 00:00:00","2016-12-30 00:00:00",14.9565,5
-75813494,2016,"2016-11-28 00:00:00","2016-12-04 00:00:00",1.7500,31
-69367364,2016,"2016-12-07 00:00:00","2016-12-10 00:00:00",2.0000,25
-51405620,2014,"2014-10-09 00:00:00","2014-12-19 00:00:00",7.2000,747
-51405620,2015,"2015-01-09 00:00:00","2015-12-20 00:00:00",31.4545,381
-51405620,2016,"2016-01-08 00:00:00","2016-11-19 00:00:00",26.4167,46
-49959537,2016,"2016-11-12 00:00:00","2016-12-18 00:00:00",6.1667,17
-40852312,2015,"2015-03-28 00:00:00","2015-11-21 00:00:00",18.3846,410
-40852312,2016,"2016-01-10 00:00:00","2016-11-12 00:00:00",12.8333,53
-35900085,2007,"2007-06-24 00:00:00","2007-07-21 00:00:00",3.5000,3455
-33329010,2012,"2012-11-29 00:00:00","2012-12-27 00:00:00",5.8000,1469
-33329010,2013,"2013-01-03 00:00:00","2013-12-28 00:00:00",21.1765,1103
-33329010,2014,"2014-01-04 00:00:00","2014-12-21 00:00:00",35.2000,745
-33329010,2015,"2015-11-02 00:00:00","2015-11-09 00:00:00",1.6000,422
-26517171,2016,"2016-11-28 00:00:00","2016-12-20 00:00:00",3.8333,15
-12560794,2015,"2015-08-25 00:00:00","2015-10-06 00:00:00",7.1667,456
-12560794,2016,"2016-04-11 00:00:00","2016-10-04 00:00:00",11.8000,92
-11419713,2016,"2016-03-18 00:00:00","2016-05-27 00:00:00",7.1000,222
-6987113,2016,"2016-05-08 00:00:00","2016-07-31 00:00:00",3.2692,157
-1243810,2016,"2016-12-07 00:00:00","2016-12-11 00:00:00",1.6667,24
11890667,2016,"2016-09-24 00:00:00","2016-12-05 00:00:00",12.1667,30
11906275,2016,"2016-03-09 00:00:00","2016-11-02 00:00:00",6.6389,63
12415301,2016,"2016-11-20 00:00:00","2016-12-18 00:00:00",5.8000,17
12415301,2017,"2017-01-02 00:00:00","2017-01-02 00:00:00",1.0000,2
17408458,2013,"2013-02-22 00:00:00","2013-05-16 00:00:00",6.4615,1329
17408458,2014,"2014-02-17 00:00:00","2014-05-12 00:00:00",6.5385,968
17408458,2015,"2015-03-05 00:00:00","2015-05-28 00:00:00",6.5385,587
17408458,2016,"2016-03-05 00:00:00","2016-03-05 00:00:00",0.0769,305
36375875,2016,"2016-10-17 00:00:00","2016-10-17 00:00:00",1.0000,79
42101062,2016,"2016-11-18 00:00:00","2016-11-19 00:00:00",1.0000,46
53501294,2015,"2015-11-01 00:00:00","2015-11-05 00:00:00",0.7143,426
59091816,2015,"2015-03-31 00:00:00","2015-03-31 00:00:00",1.0000,645
63354621,2016,"2016-11-26 00:00:00","2016-12-29 00:00:00",4.8571,6
74980025,2016,"2016-06-11 00:00:00","2016-08-12 00:00:00",6.3000,145
83588691,2015,"2015-10-04 00:00:00","2015-12-17 00:00:00",6.8182,384
83588691,2016,"2016-03-13 00:00:00","2016-05-17 00:00:00",6.0000,232
86499679,2016,"2016-03-06 00:00:00","2016-03-08 00:00:00",1.5000,302
88420850,2014,"2014-07-03 00:00:00","2014-07-08 00:00:00",3.0000,911
88420850,2016,"2016-06-15 00:00:00","2016-09-16 00:00:00",7.2308,110
94403118,2015,"2015-09-06 00:00:00","2015-12-09 00:00:00",8.6364,392
94403118,2016,"2016-04-15 00:00:00","2016-04-16 00:00:00",0.1538,263
95062953,2016,"2016-12-03 00:00:00","2016-12-09 00:00:00",1.4000,26
95415812,2015,"2015-12-20 00:00:00","2015-12-20 00:00:00",0.5000,381
103990893,2016,"2016-06-05 00:00:00","2016-06-09 00:00:00",1.0000,209
105382410,2016,"2016-12-19 00:00:00","2016-12-29 00:00:00",5.5000,6
112075241,2015,"2015-11-05 00:00:00","2015-12-17 00:00:00",6.1429,384
112075241,2016,"2016-01-15 00:00:00","2016-12-20 00:00:00",17.0500,15
133947185,2015,"2015-07-08 00:00:00","2015-11-17 00:00:00",12.0909,414
134769062,2015,"2015-10-07 00:00:00","2015-12-02 00:00:00",6.3333,399
134769062,2016,"2016-01-20 00:00:00","2016-02-02 00:00:00",4.6667,337
134873069,2016,"2016-11-16 00:00:00","2016-12-10 00:00:00",4.1667,25
137969651,2012,"2012-02-29 00:00:00","2012-06-13 00:00:00",7.5714,1666
137969651,2015,"2015-09-03 00:00:00","2015-10-08 00:00:00",4.5000,454
152658150,2015,"2015-09-09 00:00:00","2015-09-15 00:00:00",1.0000,477
158307852,2015,"2015-11-12 00:00:00","2015-12-17 00:00:00",6.0000,384
158307852,2016,"2016-01-08 00:00:00","2016-01-29 00:00:00",5.5000,341
160741636,2015,"2015-07-25 00:00:00","2015-11-19 00:00:00",9.8333,412
163932865,2015,"2015-12-03 00:00:00","2015-12-03 00:00:00",0.5000,398
168498428,2013,"2013-04-18 00:00:00","2013-07-10 00:00:00",7.0000,1274
168498428,2014,"2014-06-21 00:00:00","2014-08-30 00:00:00",5.4615,858
168498428,2015,"2015-06-16 00:00:00","2015-09-07 00:00:00",6.4615,485
175171173,2016,"2016-12-23 00:00:00","2016-12-23 00:00:00",1.0000,12
178124864,2014,"2014-01-14 00:00:00","2014-01-28 00:00:00",2.5000,1072
178994982,2012,"2012-02-21 00:00:00","2012-06-12 00:00:00",9.4167,1667
178994982,2013,"2013-10-08 00:00:00","2013-12-31 00:00:00",6.5385,1100
178994982,2015,"2015-12-17 00:00:00","2015-12-31 00:00:00",5.0000,370
178994982,2016,"2016-01-06 00:00:00","2016-03-10 00:00:00",6.5000,300
192699967,2016,"2016-04-25 00:00:00","2016-06-27 00:00:00",3.2000,191
204713971,2012,"2012-01-27 00:00:00","2012-03-16 00:00:00",7.1429,1755
210378828,2016,"2016-10-10 00:00:00","2016-12-09 00:00:00",6.1000,26
212732553,2016,"2016-04-08 00:00:00","2016-07-01 00:00:00",6.5385,187
216589444,2015,"2015-10-20 00:00:00","2015-11-01 00:00:00",0.4333,430
216589444,2016,"2016-04-30 00:00:00","2016-07-06 00:00:00",6.1818,182
218575057,2015,"2015-02-13 00:00:00","2015-05-08 00:00:00",6.5385,607
227170409,2016,"2016-04-20 00:00:00","2016-12-01 00:00:00",14.1250,34
232553683,2015,"2015-11-08 00:00:00","2015-11-11 00:00:00",0.4000,420
233673093,2016,"2016-05-02 00:00:00","2016-07-01 00:00:00",6.1000,187
238699518,2016,"2016-12-23 00:00:00","2016-12-24 00:00:00",1.0000,11
244022566,2016,"2016-03-31 00:00:00","2016-06-11 00:00:00",2.7037,207
250041689,2014,"2014-09-17 00:00:00","2014-11-19 00:00:00",6.4000,777
250041689,2015,"2015-09-23 00:00:00","2015-12-02 00:00:00",5.4615,399
250041689,2016,"2016-09-15 00:00:00","2016-11-02 00:00:00",3.7692,63
251387310,2014,"2014-03-26 00:00:00","2014-07-09 00:00:00",8.1538,910
254382666,2016,"2016-08-04 00:00:00","2016-12-14 00:00:00",11.0833,21
256183820,2015,"2015-04-25 00:00:00","2015-09-25 00:00:00",6.4167,467
256183820,2016,"2016-08-31 00:00:00","2016-09-29 00:00:00",3.0000,97
259284873,2015,"2015-10-22 00:00:00","2015-12-06 00:00:00",1.8400,395
259284873,2016,"2016-07-24 00:00:00","2016-07-24 00:00:00",1.0000,164
266476107,2016,"2016-04-27 00:00:00","2016-06-29 00:00:00",6.4000,189
271141127,2014,"2014-03-21 00:00:00","2014-12-04 00:00:00",17.2667,762
271141127,2015,"2015-03-26 00:00:00","2015-04-30 00:00:00",6.0000,615
282033313,2015,"2015-02-04 00:00:00","2015-03-18 00:00:00",3.3077,658
282033313,2016,"2016-01-15 00:00:00","2016-02-12 00:00:00",2.2308,327
282288572,2016,"2016-12-11 00:00:00","2016-12-13 00:00:00",1.5000,22
286824787,2016,"2016-08-28 00:00:00","2016-08-28 00:00:00",1.0000,129
301890827,2015,"2015-09-16 00:00:00","2015-12-01 00:00:00",6.4167,400
301890827,2016,"2016-03-08 00:00:00","2016-11-02 00:00:00",12.6316,63
303264020,2016,"2016-10-16 00:00:00","2016-10-16 00:00:00",0.5000,80
310379318,2012,"2012-02-25 00:00:00","2012-06-02 00:00:00",9.9000,1677
310379318,2015,"2015-10-23 00:00:00","2015-12-18 00:00:00",6.3333,383
310379318,2016,"2016-02-12 00:00:00","2016-12-20 00:00:00",15.6500,15
322070295,2016,"2016-07-14 00:00:00","2016-08-11 00:00:00",2.4167,146
327224519,2016,"2016-02-14 00:00:00","2016-11-19 00:00:00",16.4706,46
329605217,2012,"2012-02-22 00:00:00","2012-12-25 00:00:00",20.5333,1471
329605217,2013,"2013-02-12 00:00:00","2013-12-03 00:00:00",18.4375,1128
329605217,2014,"2014-02-11 00:00:00","2014-12-02 00:00:00",18.4375,764
329605217,2015,"2015-02-10 00:00:00","2015-11-30 00:00:00",18.3750,401
329605217,2016,"2016-02-15 00:00:00","2016-12-12 00:00:00",18.8750,23
331329219,2014,"2014-02-14 00:00:00","2014-03-21 00:00:00",6.0000,1020
331329219,2015,"2015-02-18 00:00:00","2015-03-25 00:00:00",6.0000,651
333983382,2014,"2014-12-11 00:00:00","2014-12-14 00:00:00",0.5000,752
333983382,2015,"2015-04-06 00:00:00","2015-05-31 00:00:00",7.0000,584
333983382,2016,"2016-04-10 00:00:00","2016-07-11 00:00:00",7.1538,177
344757159,2007,"2007-04-05 00:00:00","2007-05-24 00:00:00",5.5556,3513
344757159,2008,"2008-02-01 00:00:00","2008-05-30 00:00:00",7.5000,3141
344757159,2009,"2009-01-22 00:00:00","2009-05-14 00:00:00",7.0625,2792
344757159,2010,"2010-02-03 00:00:00","2010-05-24 00:00:00",6.5294,2417
348726828,2015,"2015-07-21 00:00:00","2015-09-01 00:00:00",1.8696,491
348726828,2016,"2016-03-01 00:00:00","2016-12-23 00:00:00",11.0370,12
385768295,2012,"2012-10-19 00:00:00","2012-11-23 00:00:00",6.0000,1503
385768295,2013,"2013-10-09 00:00:00","2013-11-18 00:00:00",5.1250,1143
385768295,2015,"2015-10-16 00:00:00","2015-10-28 00:00:00",2.6000,434
388053809,2016,"2016-07-15 00:00:00","2016-08-19 00:00:00",6.0000,138
392663882,2016,"2016-01-07 00:00:00","2016-06-16 00:00:00",7.3636,202
404757101,2015,"2015-12-15 00:00:00","2015-12-18 00:00:00",1.0000,383
410445103,2016,"2016-01-15 00:00:00","2016-03-17 00:00:00",6.3000,293
424987625,2016,"2016-09-20 00:00:00","2016-10-11 00:00:00",2.7500,85
427156212,2015,"2015-10-06 00:00:00","2015-12-03 00:00:00",7.3750,398
441684533,2016,"2016-07-09 00:00:00","2016-08-29 00:00:00",5.7778,128
445494374,2016,"2016-10-04 00:00:00","2016-11-21 00:00:00",4.0833,44
447220890,2007,"2007-08-25 00:00:00","2007-09-12 00:00:00",9.5000,3402
455626048,2016,"2016-03-07 00:00:00","2016-03-07 00:00:00",1.0000,303
458625442,2016,"2016-04-21 00:00:00","2016-06-23 00:00:00",6.4000,195
460552125,2015,"2015-05-15 00:00:00","2015-07-24 00:00:00",7.1000,530
460552125,2016,"2016-06-10 00:00:00","2016-08-13 00:00:00",6.5000,144
474278491,2016,"2016-12-01 00:00:00","2016-12-05 00:00:00",1.0000,30
475647563,2015,"2015-09-17 00:00:00","2015-11-05 00:00:00",5.0000,426
480353698,2016,"2016-11-02 00:00:00","2016-11-02 00:00:00",0.5000,63
484829801,2016,"2016-01-19 00:00:00","2016-12-26 00:00:00",14.9130,9
484829801,2017,"2017-01-02 00:00:00","2017-01-02 00:00:00",1.0000,2
491222490,2016,"2016-12-08 00:00:00","2016-12-09 00:00:00",1.0000,26
497786265,2015,"2015-09-07 00:00:00","2015-10-20 00:00:00",3.3846,442
497786265,2016,"2016-05-08 00:00:00","2016-05-08 00:00:00",0.0769,241
514182192,2016,"2016-12-14 00:00:00","2016-12-27 00:00:00",2.8000,8
516980224,2016,"2016-12-17 00:00:00","2016-12-17 00:00:00",1.0000,18
530581431,2013,"2013-09-03 00:00:00","2013-10-15 00:00:00",3.3077,1177
530581431,2014,"2014-07-16 00:00:00","2014-10-08 00:00:00",6.5385,819
530581431,2016,"2016-06-06 00:00:00","2016-06-10 00:00:00",0.4167,208
532945271,2016,"2016-11-10 00:00:00","2016-11-20 00:00:00",1.1000,45
549426452,2015,"2015-01-08 00:00:00","2015-01-29 00:00:00",5.5000,706
551712688,2016,"2016-11-13 00:00:00","2016-12-27 00:00:00",3.0000,8
551712688,2017,"2017-01-03 00:00:00","2017-01-03 00:00:00",0.5000,1
555653591,2016,"2016-05-04 00:00:00","2016-05-04 00:00:00",1.0000,245
566678643,2016,"2016-04-29 00:00:00","2016-05-10 00:00:00",1.0000,239
572601461,2016,"2016-02-04 00:00:00","2016-02-12 00:00:00",1.0000,327
592632636,2016,"2016-07-03 00:00:00","2016-09-19 00:00:00",6.5833,107
602781779,2016,"2016-10-24 00:00:00","2016-12-05 00:00:00",3.5833,30
604159994,2007,"2007-06-25 00:00:00","2007-07-05 00:00:00",2.7500,3471
609345266,2015,"2015-05-26 00:00:00","2015-05-29 00:00:00",0.4000,586
609345266,2016,"2016-01-01 00:00:00","2016-12-25 00:00:00",32.7273,10
609345266,2017,"2017-01-01 00:00:00","2017-01-01 00:00:00",1.0000,3
612431043,2015,"2015-11-20 00:00:00","2015-12-23 00:00:00",3.4000,378
621733229,2015,"2015-06-16 00:00:00","2015-09-08 00:00:00",6.5385,484
621733229,2016,"2016-07-05 00:00:00","2016-09-27 00:00:00",6.5385,99
624342537,2015,"2015-01-05 00:00:00","2015-02-23 00:00:00",6.2500,681
625204669,2014,"2014-10-27 00:00:00","2014-12-01 00:00:00",12.0000,765
625204669,2015,"2015-10-12 00:00:00","2015-11-30 00:00:00",3.1250,401
625204669,2016,"2016-02-15 00:00:00","2016-12-12 00:00:00",9.4375,23
628299466,2015,"2015-06-01 00:00:00","2015-06-15 00:00:00",5.0000,569
631921449,2015,"2015-10-08 00:00:00","2015-11-06 00:00:00",3.0000,425
631921449,2016,"2016-08-10 00:00:00","2016-10-12 00:00:00",6.4000,84
640902663,2014,"2014-07-01 00:00:00","2014-07-07 00:00:00",2.3333,912
656370510,2016,"2016-07-05 00:00:00","2016-11-29 00:00:00",6.7273,36
657749586,2012,"2012-10-17 00:00:00","2012-11-21 00:00:00",6.0000,1505
665475203,2016,"2016-02-26 00:00:00","2016-12-14 00:00:00",19.5333,21
672128172,2015,"2015-07-04 00:00:00","2015-10-13 00:00:00",6.8000,449
672128172,2016,"2016-05-27 00:00:00","2016-06-01 00:00:00",0.6000,217
675651749,2016,"2016-07-01 00:00:00","2016-09-03 00:00:00",6.5000,123
680236836,2015,"2015-05-08 00:00:00","2015-06-16 00:00:00",5.7143,568
681254845,2015,"2015-11-10 00:00:00","2015-11-11 00:00:00",1.0000,420
694628873,2014,"2014-10-06 00:00:00","2014-12-22 00:00:00",7.8000,744
694628873,2015,"2015-10-13 00:00:00","2015-12-23 00:00:00",6.0000,378
695099541,2016,"2016-11-09 00:00:00","2016-11-10 00:00:00",0.6667,55
705130421,2015,"2015-12-03 00:00:00","2015-12-06 00:00:00",0.6667,395
715571809,2012,"2012-02-24 00:00:00","2012-12-21 00:00:00",16.7778,1475
715571809,2013,"2013-01-18 00:00:00","2013-12-06 00:00:00",14.6818,1125
715571809,2014,"2014-01-10 00:00:00","2014-12-05 00:00:00",15.0000,761
715571809,2015,"2015-01-09 00:00:00","2015-05-15 00:00:00",9.7692,600
715571809,2016,"2016-05-11 00:00:00","2016-08-09 00:00:00",7.0000,148
715658905,2009,"2009-09-28 00:00:00","2009-11-25 00:00:00",7.3750,2597
723077022,2016,"2016-09-06 00:00:00","2016-09-09 00:00:00",0.8000,117
723088059,2016,"2016-11-28 00:00:00","2016-12-14 00:00:00",3.4000,21
725119885,2014,"2014-04-04 00:00:00","2014-12-19 00:00:00",13.0000,747
725119885,2015,"2015-01-23 00:00:00","2015-03-20 00:00:00",6.3333,656
725119885,2016,"2016-01-28 00:00:00","2016-05-27 00:00:00",7.5625,222
735735285,2016,"2016-12-05 00:00:00","2016-12-26 00:00:00",5.5000,9
735735285,2017,"2017-01-02 00:00:00","2017-01-02 00:00:00",1.0000,2
735965025,2016,"2016-05-21 00:00:00","2016-05-21 00:00:00",1.0000,228
743704161,2016,"2016-12-26 00:00:00","2016-12-27 00:00:00",1.0000,8
743704161,2017,"2017-01-03 00:00:00","2017-01-03 00:00:00",1.0000,1
764079436,2016,"2016-12-20 00:00:00","2016-12-21 00:00:00",1.0000,14
782122218,2014,"2014-10-27 00:00:00","2014-12-19 00:00:00",6.7500,747
782122218,2015,"2015-01-09 00:00:00","2015-10-05 00:00:00",18.0000,457
782129595,2015,"2015-09-05 00:00:00","2015-09-23 00:00:00",1.5833,469
782129595,2016,"2016-12-23 00:00:00","2016-12-23 00:00:00",1.0000,12
783418984,2014,"2014-07-05 00:00:00","2014-08-09 00:00:00",9.0000,879
805126008,2009,"2009-09-28 00:00:00","2009-11-13 00:00:00",23.5000,2609
816373118,2015,"2015-11-17 00:00:00","2015-12-28 00:00:00",7.0000,373
817545725,2015,"2015-09-01 00:00:00","2015-12-27 00:00:00",10.7273,374
817545725,2016,"2016-07-01 00:00:00","2016-07-02 00:00:00",0.2000,186
828120447,2016,"2016-08-03 00:00:00","2016-10-04 00:00:00",6.3000,92
840644720,2012,"2012-04-24 00:00:00","2012-06-19 00:00:00",6.3333,1660
840644720,2013,"2013-03-28 00:00:00","2013-06-12 00:00:00",7.7000,1302
840644720,2014,"2014-04-16 00:00:00","2014-06-18 00:00:00",5.8182,931
840644720,2015,"2015-02-10 00:00:00","2015-07-11 00:00:00",11.6923,543
840644720,2016,"2016-05-02 00:00:00","2016-07-04 00:00:00",6.4000,184
851732035,2012,"2012-05-12 00:00:00","2012-05-19 00:00:00",4.0000,1691
851844044,2007,"2007-08-02 00:00:00","2007-09-28 00:00:00",29.0000,3386
857457935,2016,"2016-04-26 00:00:00","2016-07-12 00:00:00",7.0909,176
867096306,2012,"2012-03-18 00:00:00","2012-06-17 00:00:00",7.6667,1662
867096306,2013,"2013-06-08 00:00:00","2013-08-25 00:00:00",6.0769,1228
867096306,2015,"2015-12-10 00:00:00","2015-12-14 00:00:00",1.0000,387
876925391,2015,"2015-09-17 00:00:00","2015-12-17 00:00:00",7.6667,384
876925391,2016,"2016-01-04 00:00:00","2016-01-04 00:00:00",1.0000,366
897180669,2016,"2016-03-31 00:00:00","2016-04-01 00:00:00",1.0000,278
899403562,2015,"2015-10-04 00:00:00","2015-10-04 00:00:00",1.0000,458
902439081,2014,"2014-10-13 00:00:00","2014-10-13 00:00:00",1.0000,814
902439081,2015,"2015-03-30 00:00:00","2015-12-08 00:00:00",16.9333,393
902439081,2016,"2016-03-13 00:00:00","2016-05-17 00:00:00",5.5000,232
906731081,2014,"2014-01-08 00:00:00","2014-01-22 00:00:00",5.0000,1078
906731081,2016,"2016-01-08 00:00:00","2016-01-08 00:00:00",1.0000,362
906731081,2017,"2017-01-02 00:00:00","2017-01-02 00:00:00",1.0000,2
913622823,2007,"2007-04-03 00:00:00","2007-11-13 00:00:00",22.5000,3340
913622823,2008,"2008-01-15 00:00:00","2008-12-23 00:00:00",16.3810,2934
913622823,2009,"2009-04-25 00:00:00","2009-05-26 00:00:00",5.3333,2780
926220821,2014,"2014-01-14 00:00:00","2014-05-26 00:00:00",10.2308,954
940968641,2015,"2015-12-02 00:00:00","2015-12-23 00:00:00",5.5000,378
940968641,2016,"2016-01-13 00:00:00","2016-06-17 00:00:00",12.0769,201
944168841,2015,"2015-10-01 00:00:00","2015-12-03 00:00:00",6.4000,398
944168841,2016,"2016-09-01 00:00:00","2016-11-05 00:00:00",6.6000,60
951307411,2016,"2016-04-01 00:00:00","2016-04-06 00:00:00",1.5000,273
955507837,2015,"2015-11-04 00:00:00","2015-11-07 00:00:00",1.3333,424
962783720,2015,"2015-12-15 00:00:00","2015-12-17 00:00:00",1.0000,384
965051493,2014,"2014-09-30 00:00:00","2014-11-27 00:00:00",5.9000,769
965051493,2015,"2015-09-14 00:00:00","2015-12-07 00:00:00",5.6667,394
965177880,2016,"2016-11-25 00:00:00","2016-11-25 00:00:00",1.0000,40
967286708,2015,"2015-12-01 00:00:00","2015-12-29 00:00:00",7.2500,372
967286708,2016,"2016-01-02 00:00:00","2016-05-04 00:00:00",15.5000,245
969824786,2012,"2012-10-17 00:00:00","2012-12-12 00:00:00",7.1250,1484
969824786,2013,"2013-01-30 00:00:00","2013-02-20 00:00:00",5.5000,1414
985988127,2013,"2013-04-11 00:00:00","2013-06-28 00:00:00",6.0769,1286
985988127,2014,"2014-04-04 00:00:00","2014-05-31 00:00:00",4.4615,949
985988127,2015,"2015-10-26 00:00:00","2015-10-27 00:00:00",0.1538,435
985988127,2016,"2016-03-29 00:00:00","2016-03-31 00:00:00",1.0000,279
991084695,2015,"2015-12-01 00:00:00","2015-12-02 00:00:00",0.2500,399
992137999,2016,"2016-02-06 00:00:00","2016-04-23 00:00:00",6.5000,256
997035243,2016,"2016-12-11 00:00:00","2016-12-11 00:00:00",1.0000,24
1006395064,2010,"2010-01-28 00:00:00","2010-03-06 00:00:00",9.5000,2496
1012587708,2015,"2015-12-01 00:00:00","2015-12-15 00:00:00",5.0000,386
1022684992,2014,"2014-10-26 00:00:00","2014-12-14 00:00:00",6.2500,752
1023608152,2016,"2016-12-26 00:00:00","2016-12-26 00:00:00",0.5000,9
1041622278,2016,"2016-07-09 00:00:00","2016-08-11 00:00:00",2.6154,146
1046525322,2015,"2015-11-04 00:00:00","2015-12-23 00:00:00",6.2500,378
1046525322,2016,"2016-01-13 00:00:00","2016-12-21 00:00:00",14.3333,14
1051010240,2014,"2014-09-23 00:00:00","2014-09-23 00:00:00",1.0000,834
1051010240,2015,"2015-01-28 00:00:00","2015-11-21 00:00:00",24.8333,410
1051010240,2016,"2016-02-07 00:00:00","2016-04-10 00:00:00",6.4000,269
1060706770,2013,"2013-10-02 00:00:00","2013-12-11 00:00:00",6.4545,1120
1060706770,2014,"2014-01-13 00:00:00","2014-01-27 00:00:00",3.7500,1073
1065625873,2016,"2016-07-01 00:00:00","2016-09-13 00:00:00",6.8182,113
1066613545,2016,"2016-10-15 00:00:00","2016-10-15 00:00:00",1.0000,81
1070416921,2015,"2015-01-17 00:00:00","2015-04-07 00:00:00",4.7647,638
1070416921,2016,"2016-02-17 00:00:00","2016-04-19 00:00:00",6.3000,260
1073225544,2015,"2015-11-18 00:00:00","2015-12-27 00:00:00",0.9091,374
1073225544,2016,"2016-08-02 00:00:00","2016-08-04 00:00:00",0.1667,153
1073870159,2016,"2016-08-06 00:00:00","2016-08-07 00:00:00",0.2500,150
1096151158,2015,"2015-03-02 00:00:00","2015-05-25 00:00:00",6.5385,590
1126153525,2016,"2016-01-13 00:00:00","2016-01-17 00:00:00",1.0000,353
1130049123,2016,"2016-01-23 00:00:00","2016-03-06 00:00:00",4.4000,304
1131306095,2014,"2014-05-06 00:00:00","2014-06-24 00:00:00",6.2500,925
1131306095,2015,"2015-04-07 00:00:00","2015-06-09 00:00:00",6.4000,575
1131306095,2016,"2016-01-25 00:00:00","2016-03-27 00:00:00",6.3000,283
1142095086,2015,"2015-05-05 00:00:00","2015-12-02 00:00:00",21.2000,399
1142095086,2016,"2016-03-02 00:00:00","2016-12-04 00:00:00",12.6364,31
1145254014,2013,"2013-10-12 00:00:00","2013-12-14 00:00:00",7.1111,1117
1145254014,2014,"2014-01-18 00:00:00","2014-12-02 00:00:00",15.1905,764
1145254014,2015,"2015-03-03 00:00:00","2015-06-02 00:00:00",6.5714,582
1145254014,2016,"2016-01-02 00:00:00","2016-12-17 00:00:00",12.1034,18
1145380707,2015,"2015-03-07 00:00:00","2015-04-18 00:00:00",3.5833,627
1145569404,2016,"2016-01-02 00:00:00","2016-01-08 00:00:00",1.0000,362
1146834592,2015,"2015-12-14 00:00:00","2015-12-30 00:00:00",1.3077,371
1152499007,2016,"2016-01-15 00:00:00","2016-03-20 00:00:00",6.6000,290
1158961344,2016,"2016-05-31 00:00:00","2016-05-31 00:00:00",1.0000,218
1158995768,2012,"2012-05-05 00:00:00","2012-06-16 00:00:00",7.1667,1663
1158995768,2015,"2015-10-29 00:00:00","2015-12-24 00:00:00",7.1250,377
1158995768,2016,"2016-01-14 00:00:00","2016-07-27 00:00:00",14.0000,161
1161848346,2015,"2015-11-05 00:00:00","2015-11-13 00:00:00",1.8000,418
1170282370,2016,"2016-05-05 00:00:00","2016-05-05 00:00:00",0.1250,244
1177365271,2016,"2016-05-05 00:00:00","2016-06-23 00:00:00",6.2500,195
1179245065,2012,"2012-01-27 00:00:00","2012-12-21 00:00:00",47.1429,1475
1179245065,2013,"2013-01-11 00:00:00","2013-12-02 00:00:00",18.1111,1129
1179245065,2015,"2015-12-25 00:00:00","2015-12-31 00:00:00",1.0000,370
1179245065,2016,"2016-01-01 00:00:00","2016-01-01 00:00:00",1.0000,369
1183597111,2016,"2016-01-23 00:00:00","2016-01-24 00:00:00",0.2000,346
1186494190,2016,"2016-04-15 00:00:00","2016-07-09 00:00:00",6.6154,179
1191760855,2016,"2016-04-14 00:00:00","2016-07-06 00:00:00",6.4615,182
1196129893,2013,"2013-11-07 00:00:00","2013-12-20 00:00:00",6.2857,1111
1196129893,2014,"2014-01-10 00:00:00","2014-12-19 00:00:00",24.5714,747
1196129893,2015,"2015-02-23 00:00:00","2015-03-30 00:00:00",3.6000,646
1196129893,2016,"2016-07-09 00:00:00","2016-09-03 00:00:00",3.1667,123
1196136030,2015,"2015-05-25 00:00:00","2015-06-30 00:00:00",3.0833,554
1201420506,2014,"2014-11-05 00:00:00","2014-12-24 00:00:00",6.2500,742
1206468257,2016,"2016-04-27 00:00:00","2016-06-22 00:00:00",6.3333,196
1207467858,2016,"2016-07-31 00:00:00","2016-10-10 00:00:00",6.0000,86
1207692098,2008,"2008-02-21 00:00:00","2008-02-21 00:00:00",1.0000,3240
1207972981,2016,"2016-05-04 00:00:00","2016-07-06 00:00:00",6.4000,182
1237852664,2015,"2015-09-21 00:00:00","2015-12-20 00:00:00",7.0000,381
1237852664,2016,"2016-09-19 00:00:00","2016-12-18 00:00:00",6.5000,17
1239177572,2016,"2016-04-10 00:00:00","2016-07-13 00:00:00",7.3077,175
1239846578,2014,"2014-11-15 00:00:00","2014-11-15 00:00:00",1.0000,781
1251571197,2015,"2015-06-20 00:00:00","2015-10-17 00:00:00",30.0000,445
1257461623,2016,"2016-02-13 00:00:00","2016-05-25 00:00:00",6.8667,224
1266481662,2016,"2016-04-01 00:00:00","2016-04-21 00:00:00",5.2500,258
1275724233,2015,"2015-09-12 00:00:00","2015-10-18 00:00:00",5.2857,444
1279476450,2016,"2016-06-25 00:00:00","2016-06-28 00:00:00",0.4444,190
1282434578,2016,"2016-03-03 00:00:00","2016-04-21 00:00:00",6.2500,258
1284280920,2015,"2015-09-28 00:00:00","2015-11-14 00:00:00",6.0000,417
1284280920,2016,"2016-01-10 00:00:00","2016-01-23 00:00:00",4.6667,347
1286319226,2014,"2014-12-30 00:00:00","2014-12-30 00:00:00",1.0000,736
1286319226,2016,"2016-10-21 00:00:00","2016-10-21 00:00:00",1.0000,75
1294356315,2015,"2015-11-19 00:00:00","2015-12-18 00:00:00",5.0000,383
1294356315,2016,"2016-01-14 00:00:00","2016-12-23 00:00:00",16.4286,12
1309420059,2014,"2014-02-03 00:00:00","2014-03-24 00:00:00",6.2500,1017
1309420059,2015,"2015-09-07 00:00:00","2015-10-26 00:00:00",6.2500,436
1314609253,2015,"2015-11-29 00:00:00","2015-11-29 00:00:00",1.0000,402
1314609253,2016,"2016-03-15 00:00:00","2016-03-16 00:00:00",0.1429,294
1324656260,2016,"2016-02-23 00:00:00","2016-04-19 00:00:00",3.3529,260
1328153516,2016,"2016-11-16 00:00:00","2016-12-04 00:00:00",3.8000,31
1332195260,2015,"2015-10-04 00:00:00","2015-12-14 00:00:00",7.2000,387
1332195260,2016,"2016-04-17 00:00:00","2016-07-26 00:00:00",8.4167,162
1337510993,2016,"2016-05-09 00:00:00","2016-05-09 00:00:00",0.2000,240
1341050192,2015,"2015-10-20 00:00:00","2015-11-01 00:00:00",0.3939,430
1367675548,2007,"2007-08-19 00:00:00","2007-10-02 00:00:00",7.5000,3382
1374868226,2015,"2015-06-05 00:00:00","2015-07-26 00:00:00",4.3333,528
1374868226,2016,"2016-09-23 00:00:00","2016-09-27 00:00:00",0.8333,99
1379136250,2016,"2016-09-14 00:00:00","2016-11-02 00:00:00",5.5556,63
1380189247,2013,"2013-09-03 00:00:00","2013-10-08 00:00:00",2.7692,1184
1380334235,2007,"2007-04-01 00:00:00","2007-11-29 00:00:00",13.5000,3324
1380334235,2008,"2008-01-30 00:00:00","2008-12-15 00:00:00",17.8333,2942
1380334235,2009,"2009-02-02 00:00:00","2009-12-01 00:00:00",13.1739,2591
1381916068,2016,"2016-09-30 00:00:00","2016-10-01 00:00:00",0.1538,95
1384102760,2015,"2015-09-18 00:00:00","2015-11-28 00:00:00",6.5455,403
1392008832,2016,"2016-08-10 00:00:00","2016-08-31 00:00:00",5.5000,126
1397197121,2015,"2015-09-04 00:00:00","2015-10-02 00:00:00",2.9000,460
1397197121,2016,"2016-09-01 00:00:00","2016-09-30 00:00:00",3.0000,96
1397463461,2016,"2016-09-24 00:00:00","2016-09-26 00:00:00",1.0000,100
1402631538,2015,"2015-11-29 00:00:00","2015-12-20 00:00:00",2.7500,381
1404323819,2016,"2016-08-22 00:00:00","2016-08-22 00:00:00",1.0000,135
1423435938,2016,"2016-12-22 00:00:00","2016-12-26 00:00:00",2.5000,9
1425773914,2012,"2012-10-19 00:00:00","2012-11-22 00:00:00",5.8333,1504
1425773914,2013,"2013-08-23 00:00:00","2013-10-25 00:00:00",6.4000,1167
1425773914,2014,"2014-08-01 00:00:00","2014-10-03 00:00:00",6.4000,824
1434100687,2015,"2015-09-03 00:00:00","2015-09-03 00:00:00",0.1000,489
1457034505,2016,"2016-12-14 00:00:00","2016-12-29 00:00:00",2.6667,6
1457068178,2011,"2011-12-22 00:00:00","2011-12-27 00:00:00",3.0000,1835
1457068178,2012,"2012-01-03 00:00:00","2012-03-13 00:00:00",10.1429,1758
1470909200,2015,"2015-03-27 00:00:00","2015-05-08 00:00:00",4.3000,607
1470909200,2016,"2016-05-31 00:00:00","2016-07-11 00:00:00",4.2000,177
1481389794,2016,"2016-02-18 00:00:00","2016-04-20 00:00:00",6.3000,259
1507413938,2015,"2015-12-18 00:00:00","2015-12-18 00:00:00",1.0000,383
1507413938,2016,"2016-01-08 00:00:00","2016-12-18 00:00:00",11.9310,17
1516588466,2012,"2012-12-09 00:00:00","2012-12-30 00:00:00",3.6667,1466
1516588466,2013,"2013-01-05 00:00:00","2013-03-11 00:00:00",5.5000,1395
1519371357,2015,"2015-09-09 00:00:00","2015-10-28 00:00:00",6.2500,434
1519371357,2016,"2016-09-13 00:00:00","2016-11-22 00:00:00",7.1000,43
1532460606,2016,"2016-06-18 00:00:00","2016-06-20 00:00:00",1.0000,198
1534678793,2016,"2016-10-12 00:00:00","2016-12-21 00:00:00",7.1000,14
1538125789,2016,"2016-05-24 00:00:00","2016-06-28 00:00:00",6.0000,190
1539728602,2016,"2016-04-20 00:00:00","2016-04-20 00:00:00",0.0769,259
1540668289,2016,"2016-01-18 00:00:00","2016-01-24 00:00:00",1.7500,346
1548536424,2013,"2013-11-13 00:00:00","2013-12-31 00:00:00",5.4444,1100
1548536424,2014,"2014-01-13 00:00:00","2014-11-13 00:00:00",20.3333,783
1548536424,2015,"2015-09-09 00:00:00","2015-11-25 00:00:00",6.5000,406
1548536424,2016,"2016-08-06 00:00:00","2016-10-09 00:00:00",5.4167,87
1551234796,2015,"2015-05-29 00:00:00","2015-07-24 00:00:00",6.3333,530
1554191818,2015,"2015-10-04 00:00:00","2015-10-07 00:00:00",2.0000,455
1554191818,2016,"2016-09-03 00:00:00","2016-11-07 00:00:00",6.6000,58
1555137452,2016,"2016-05-02 00:00:00","2016-07-04 00:00:00",6.4000,184
1560408039,2016,"2016-08-24 00:00:00","2016-09-07 00:00:00",2.5000,119
1562043914,2007,"2007-04-01 00:00:00","2007-05-14 00:00:00",5.5000,3523
1562043914,2008,"2008-01-22 00:00:00","2008-03-29 00:00:00",13.6000,3203
1566750741,2015,"2015-10-14 00:00:00","2015-12-10 00:00:00",6.4444,391
1566750741,2016,"2016-01-08 00:00:00","2016-05-19 00:00:00",10.2308,230
1578693702,2016,"2016-11-15 00:00:00","2016-12-27 00:00:00",6.1429,8
1581189676,2013,"2013-03-07 00:00:00","2013-05-03 00:00:00",7.2500,1342
1599097407,2016,"2016-11-17 00:00:00","2016-11-18 00:00:00",1.0000,47
1599128751,2015,"2015-08-18 00:00:00","2015-08-18 00:00:00",1.0000,505
1604039073,2016,"2016-04-11 00:00:00","2016-10-03 00:00:00",6.2857,93
1616673641,2012,"2012-02-14 00:00:00","2012-03-27 00:00:00",5.3750,1744
1619016711,2012,"2012-02-24 00:00:00","2012-12-28 00:00:00",14.0455,1468
1619016711,2013,"2013-03-06 00:00:00","2013-12-28 00:00:00",14.9000,1103
1619016711,2014,"2014-01-04 00:00:00","2014-12-31 00:00:00",19.0526,735
1619016711,2015,"2015-01-07 00:00:00","2015-06-23 00:00:00",8.4000,561
1619016711,2016,"2016-01-16 00:00:00","2016-12-22 00:00:00",10.3636,13
1625584855,2014,"2014-02-10 00:00:00","2014-06-16 00:00:00",5.7727,933
1625584855,2015,"2015-08-05 00:00:00","2015-09-03 00:00:00",1.3636,489
1625584855,2016,"2016-07-03 00:00:00","2016-09-11 00:00:00",3.2273,115
1665115040,2016,"2016-01-21 00:00:00","2016-04-21 00:00:00",7.0769,258
1667151880,2015,"2015-09-11 00:00:00","2015-12-18 00:00:00",6.6000,383
1667151880,2016,"2016-10-06 00:00:00","2016-12-22 00:00:00",6.5000,13
1667954728,2016,"2016-05-21 00:00:00","2016-08-19 00:00:00",9.1000,138
1669127195,2014,"2014-05-09 00:00:00","2014-08-01 00:00:00",7.0833,887
1669127195,2016,"2016-04-19 00:00:00","2016-04-19 00:00:00",1.0000,260
1679485947,2015,"2015-06-28 00:00:00","2015-08-27 00:00:00",4.6923,496
1682919094,2015,"2015-03-21 00:00:00","2015-12-19 00:00:00",9.4483,382
1682919094,2016,"2016-01-13 00:00:00","2016-12-21 00:00:00",14.3333,14
1687933550,2011,"2011-12-15 00:00:00","2011-12-23 00:00:00",4.5000,1839
1687933550,2012,"2012-01-04 00:00:00","2012-02-22 00:00:00",10.0000,1778
1691533716,2015,"2015-09-11 00:00:00","2015-10-16 00:00:00",2.7692,446
1701725037,2014,"2014-09-03 00:00:00","2014-10-29 00:00:00",5.7000,798
1701725037,2015,"2015-11-03 00:00:00","2015-12-29 00:00:00",5.1818,372
1709328939,2014,"2014-10-10 00:00:00","2014-12-12 00:00:00",6.4000,754
1709328939,2015,"2015-01-23 00:00:00","2015-12-25 00:00:00",16.0476,376
1709328939,2016,"2016-01-01 00:00:00","2016-06-10 00:00:00",12.4615,208
1713374053,2012,"2012-03-15 00:00:00","2012-06-21 00:00:00",6.6000,1658
1714606091,2016,"2016-07-03 00:00:00","2016-08-22 00:00:00",6.3750,135
1718789306,2014,"2014-11-12 00:00:00","2014-12-19 00:00:00",7.6000,747
1718789306,2015,"2015-01-09 00:00:00","2015-03-27 00:00:00",7.0909,649
1718789306,2016,"2016-02-08 00:00:00","2016-05-16 00:00:00",6.6000,233
1721544886,2015,"2015-03-06 00:00:00","2015-12-18 00:00:00",13.0909,383
1721544886,2016,"2016-01-07 00:00:00","2016-05-10 00:00:00",13.8889,239
1723186883,2016,"2016-01-26 00:00:00","2016-03-29 00:00:00",6.4000,281
1730932936,2016,"2016-07-30 00:00:00","2016-11-18 00:00:00",37.3333,47
1731476157,2016,"2016-11-04 00:00:00","2016-11-04 00:00:00",1.0000,61
1733680874,2014,"2014-10-09 00:00:00","2014-12-11 00:00:00",7.1111,755
1733680874,2015,"2015-01-23 00:00:00","2015-12-12 00:00:00",14.7273,389
1733680874,2016,"2016-01-31 00:00:00","2016-12-09 00:00:00",13.6522,26
1739340729,2012,"2012-02-25 00:00:00","2012-05-05 00:00:00",6.4545,1705
1739340729,2015,"2015-04-24 00:00:00","2015-10-24 00:00:00",7.6667,438
1739340729,2016,"2016-04-04 00:00:00","2016-10-26 00:00:00",20.6000,70
1768870299,2012,"2012-10-18 00:00:00","2012-12-06 00:00:00",7.1429,1490
1768870299,2013,"2013-04-04 00:00:00","2013-11-28 00:00:00",12.5789,1133
1768870299,2014,"2014-01-16 00:00:00","2014-05-29 00:00:00",10.3077,951
1776717021,2016,"2016-01-25 00:00:00","2016-02-27 00:00:00",5.6667,312
1780545424,2015,"2015-11-03 00:00:00","2015-12-10 00:00:00",5.4286,391
1780545424,2016,"2016-01-08 00:00:00","2016-12-04 00:00:00",16.6000,31
1783651247,2015,"2015-06-22 00:00:00","2015-08-30 00:00:00",5.3846,493
1790695420,2013,"2013-01-30 00:00:00","2013-05-08 00:00:00",6.6000,1337
1790695420,2014,"2014-01-29 00:00:00","2014-05-14 00:00:00",7.0667,966
1790695420,2015,"2015-07-09 00:00:00","2015-08-27 00:00:00",3.3333,496
1793143473,2015,"2015-02-16 00:00:00","2015-05-15 00:00:00",6.8462,600
1793143473,2016,"2016-01-07 00:00:00","2016-03-10 00:00:00",6.4000,300
1794509958,2015,"2015-03-30 00:00:00","2015-06-12 00:00:00",25.0000,572
1799671774,2015,"2015-08-13 00:00:00","2015-09-03 00:00:00",2.2000,489
1806978197,2015,"2015-02-05 00:00:00","2015-11-26 00:00:00",6.2766,405
1812736653,2013,"2013-09-27 00:00:00","2013-11-22 00:00:00",5.7000,1139
1812736653,2014,"2014-09-12 00:00:00","2014-11-21 00:00:00",5.9167,775
1812736653,2015,"2015-09-25 00:00:00","2015-12-03 00:00:00",6.3636,398
1817212000,2016,"2016-06-18 00:00:00","2016-07-30 00:00:00",4.3000,158
1818481623,2016,"2016-10-19 00:00:00","2016-10-19 00:00:00",0.5000,77
1820484860,2013,"2013-12-06 00:00:00","2013-12-27 00:00:00",5.5000,1104
1820484860,2014,"2014-01-03 00:00:00","2014-12-29 00:00:00",18.0500,737
1820484860,2015,"2015-01-05 00:00:00","2015-12-06 00:00:00",12.0000,395
1820484860,2016,"2016-01-24 00:00:00","2016-11-20 00:00:00",13.1304,45
1821331550,2016,"2016-03-12 00:00:00","2016-12-17 00:00:00",9.3667,18
1823803459,2015,"2015-09-23 00:00:00","2015-12-10 00:00:00",6.0769,391
1823821260,2016,"2016-01-21 00:00:00","2016-02-02 00:00:00",2.6000,337
1826018087,2015,"2015-01-11 00:00:00","2015-03-14 00:00:00",3.1500,662
1826018087,2016,"2016-04-10 00:00:00","2016-05-15 00:00:00",5.1429,234
1826044133,2016,"2016-04-14 00:00:00","2016-06-09 00:00:00",5.7000,209
1835226008,2016,"2016-09-24 00:00:00","2016-09-25 00:00:00",0.2000,101
1836746164,2016,"2016-01-14 00:00:00","2016-03-30 00:00:00",5.9231,280
1840383184,2016,"2016-01-13 00:00:00","2016-04-06 00:00:00",6.5385,273
1840383184,2017,"2017-01-03 00:00:00","2017-01-03 00:00:00",1.0000,1
1849078190,2015,"2015-10-25 00:00:00","2015-10-25 00:00:00",0.5000,437
1851169368,2013,"2013-10-23 00:00:00","2013-12-18 00:00:00",5.7000,1113
1851169368,2014,"2014-09-05 00:00:00","2014-10-24 00:00:00",5.0000,803
1851169368,2015,"2015-10-04 00:00:00","2015-10-07 00:00:00",0.4000,455
1851169368,2016,"2016-11-21 00:00:00","2016-11-23 00:00:00",0.7500,42
1853657577,2016,"2016-12-26 00:00:00","2016-12-27 00:00:00",1.0000,8
1855944846,2016,"2016-01-19 00:00:00","2016-01-25 00:00:00",1.7500,345
1865774282,2007,"2007-08-19 00:00:00","2007-10-02 00:00:00",4.5000,3382
1865774282,2009,"2009-07-20 00:00:00","2009-12-18 00:00:00",76.0000,2574
1865774282,2012,"2012-06-11 00:00:00","2012-06-19 00:00:00",4.5000,1660
1874095686,2016,"2016-11-03 00:00:00","2016-11-03 00:00:00",1.0000,62
1876830478,2015,"2015-12-29 00:00:00","2015-12-29 00:00:00",0.3333,372
1876830478,2016,"2016-01-04 00:00:00","2016-01-04 00:00:00",0.3333,366
1879646298,2013,"2013-09-28 00:00:00","2013-11-02 00:00:00",2.7692,1159
1879646298,2016,"2016-07-30 00:00:00","2016-10-01 00:00:00",7.1111,95
1882389360,2015,"2015-12-14 00:00:00","2015-12-28 00:00:00",5.0000,373
1882389360,2016,"2016-01-11 00:00:00","2016-12-26 00:00:00",14.6250,9
1882389360,2017,"2017-01-02 00:00:00","2017-01-02 00:00:00",1.0000,2
1889774734,2015,"2015-09-14 00:00:00","2015-11-29 00:00:00",6.4167,402
1889774734,2016,"2016-09-21 00:00:00","2016-11-24 00:00:00",6.5000,41
1891251942,2016,"2016-01-25 00:00:00","2016-01-25 00:00:00",1.0000,345
1899601671,2015,"2015-11-30 00:00:00","2015-12-09 00:00:00",1.0000,392
1908268628,2016,"2016-07-15 00:00:00","2016-07-15 00:00:00",0.1250,173
1909519138,2015,"2015-10-04 00:00:00","2015-12-28 00:00:00",12.2857,373
1912811318,2016,"2016-05-19 00:00:00","2016-07-01 00:00:00",4.4000,187
1943877048,2016,"2016-09-25 00:00:00","2016-12-18 00:00:00",3.4000,17
1951003033,2016,"2016-02-13 00:00:00","2016-02-21 00:00:00",1.1250,318
1961460998,2016,"2016-02-14 00:00:00","2016-02-18 00:00:00",0.8333,321
1962462068,2015,"2015-10-22 00:00:00","2015-12-17 00:00:00",5.7000,384
1962462068,2016,"2016-01-14 00:00:00","2016-07-17 00:00:00",6.4138,171
1963515165,2016,"2016-10-17 00:00:00","2016-11-14 00:00:00",2.6364,51
1970914421,2015,"2015-11-12 00:00:00","2015-12-21 00:00:00",3.0769,380
1970914421,2016,"2016-01-26 00:00:00","2016-02-01 00:00:00",1.1667,338
1982485534,2016,"2016-06-10 00:00:00","2016-07-09 00:00:00",7.5000,179
1993507233,2007,"2007-04-01 00:00:00","2007-04-01 00:00:00",1.0000,3566
2006173555,2016,"2016-11-09 00:00:00","2016-12-28 00:00:00",6.2500,7
2007204494,2015,"2015-04-05 00:00:00","2015-05-17 00:00:00",4.3000,598
2016153469,2013,"2013-11-29 00:00:00","2013-12-20 00:00:00",5.5000,1111
2016153469,2014,"2014-01-10 00:00:00","2014-03-14 00:00:00",7.1111,1027
2028277136,2015,"2015-06-01 00:00:00","2015-06-16 00:00:00",0.6400,568
2028277136,2016,"2016-06-22 00:00:00","2016-09-16 00:00:00",7.9091,110
2029144198,2014,"2014-12-12 00:00:00","2014-12-19 00:00:00",4.0000,747
2029144198,2015,"2015-01-09 00:00:00","2015-08-04 00:00:00",16.0000,519
2029144198,2016,"2016-12-02 00:00:00","2016-12-31 00:00:00",3.0000,4
2031124449,2013,"2013-01-30 00:00:00","2013-06-26 00:00:00",6.1667,1288
2031124449,2014,"2014-01-10 00:00:00","2014-12-20 00:00:00",12.3214,746
2031124449,2015,"2015-01-10 00:00:00","2015-12-16 00:00:00",14.2083,385
2031124449,2016,"2016-01-12 00:00:00","2016-12-27 00:00:00",12.5357,8
2033775391,2016,"2016-05-05 00:00:00","2016-10-31 00:00:00",6.9231,65
2040782263,2016,"2016-07-09 00:00:00","2016-09-13 00:00:00",6.7000,113
2056425807,2016,"2016-06-05 00:00:00","2016-07-03 00:00:00",7.2500,185
2065102986,2016,"2016-06-17 00:00:00","2016-09-30 00:00:00",6.2353,96
2096574897,2016,"2016-01-13 00:00:00","2016-03-18 00:00:00",6.6000,292
2105125607,2016,"2016-12-14 00:00:00","2016-12-31 00:00:00",3.6000,4
2107925105,2012,"2012-12-03 00:00:00","2012-12-17 00:00:00",5.0000,1479
2107925105,2013,"2013-01-07 00:00:00","2013-12-19 00:00:00",21.6875,1112
2107925105,2014,"2014-01-10 00:00:00","2014-12-22 00:00:00",24.7857,744
2107925105,2015,"2015-01-12 00:00:00","2015-02-16 00:00:00",6.0000,688
2108567367,2016,"2016-07-04 00:00:00","2016-07-04 00:00:00",1.0000,184
2110170390,2008,"2008-10-04 00:00:00","2008-12-20 00:00:00",7.0909,2937
2110170390,2009,"2009-01-17 00:00:00","2009-05-04 00:00:00",10.8000,2802
2111501749,2015,"2015-11-12 00:00:00","2015-12-10 00:00:00",7.2500,391
2111501749,2016,"2016-03-03 00:00:00","2016-12-15 00:00:00",11.5200,20
2118413524,2016,"2016-04-12 00:00:00","2016-06-21 00:00:00",5.0714,197
2123228492,2015,"2015-03-19 00:00:00","2015-12-12 00:00:00",22.4167,389
2123228492,2016,"2016-01-15 00:00:00","2016-04-14 00:00:00",9.1000,265
2139323766,2016,"2016-07-10 00:00:00","2016-07-13 00:00:00",0.8000,175
